{
  "verdict": "A",
  "verdict_text": "\u0413\u0418\u041f\u041e\u0422\u0415\u0417\u0410 A \u041f\u041e\u0414\u0422\u0412\u0415\u0420\u0416\u0414\u0415\u041d\u0410: \u0443\u0437\u043a\u043e\u0435 \u043c\u0435\u0441\u0442\u043e \u2014 few-shot \u0440\u0435\u0436\u0438\u043c, \u041d\u0415 \u044d\u043c\u0431\u0435\u0434\u0434\u0435\u0440",
  "full_ranking_mean": 0.7575650793650793,
  "full_ranking_min": 0.7403452380952381,
  "full_ece_mean": 0.1337282797578764,
  "full_pr_lift_mean": 0.05570042827525301,
  "fewshot_ranking_mean": 0.6337443121693123,
  "improvement": 0.12382076719576707
}